Disruption URL,CLDR Territory Code,Region,Product,Start Date (Pacific Time; may be approximated),End Date (Pacific Time; may be approximated),Source,Source URL,Title,Excerpt
https://transparencyreport.google.com/traffic/overview?disruption_history=region:BF;product:19;start:1636783200000;end:1638813600000&fraction_traffic=region:BF;product:19;start:1636783200000;end:1638813600000,BF,Burkina Faso,Web Search,2021-11-21,2021-11-28,Bloomberg,https://www.bloomberg.com/news/articles/2021-11-25/burkina-faso-extends-internet-shutdown-before-nov-27-protests,Burkina Faso Extends Internet Outage Before Weekend Protest,Burkina Faso extended its nationwide shutdown of mobile internet access for 96 hours
https://transparencyreport.google.com/traffic/overview?disruption_history=region:SD;product:19;start:1633010400000;end:1639371600000&fraction_traffic=region:SD;product:19;start:1633010400000;end:1639371600000,SD,Sudan,Web Search,2021-10-25,2021-11-18,Quartz,https://qz.com/africa/2079718/sudan-shuts-down-the-internet-after-a-military-coup/,Sudan shuts down the internet after a military coup,"Sudan’s ongoing internet blockade in the aftermath of a coup on Monday, Oct. 25 could persist for longer"
https://transparencyreport.google.com/traffic/overview?disruption_history=region:SC;product:19;start:1627149600000;end:1627236000000&fraction_traffic=region:SC;product:19;start:1627149600000;end:1627236000000,SC,Seychelles,Web Search,2021-07-25,2021-07-25,Telecompaper,https://www.telecompaper.com/news/seychelles-cable-systems-says-seas-engineering-works-will-hit-telecom-services-on-24-25-july--1391241,Seychelles Cable Systems says SEAS engineering works will hit telecom services on 24-25 July,Interruptions are expected to telecommunication services [...] when the Seychelles Cable Systems Company undertakes maintenance work
https://transparencyreport.google.com/traffic/overview?disruption_history=region:CU;product:19;start:1625263200000;end:1627596000000&fraction_traffic=region:CU;product:19;start:1625263200000;end:1627596000000,CU,Cuba,Web Search,2021-07-11,2021-07-20,Wall Street Journal,https://www.wsj.com/articles/internet-powered-mass-protests-in-cuba-then-the-government-pulled-the-plug-11626358893,Cuban Protests Were Powered by the Internet. The State Then Pulled the Plug,"To contain the spread of mass demonstrations, authorities cut internet service"
https://transparencyreport.google.com/traffic/overview?disruption_history=region:SZ;product:19;start:1624228200000;end:1626496200000&fraction_traffic=region:SZ;product:19;start:1624228200000;end:1626496200000,SZ,Eswatini,Web Search,2021-06-29,2021-07-08,Access Now,https://www.accessnow.org/keepiton-eswatini-protests/,"Eswatini authorities shut down internet to quell protests, ask people to email grievances",The government ordered network providers [...] to disconnect the nation.
https://transparencyreport.google.com/traffic/overview?disruption_history=region:CG;product:19;start:1616029200000;end:1616796000000&fraction_traffic=region:CG;product:19;start:1616029200000;end:1616796000000,CG,Congo - Brazzaville,Web Search,2021-03-21,2021-03-23,Netblocks,https://netblocks.org/reports/internet-shutdown-in-the-republic-of-the-congo-on-election-day-xAGR398z,Internet shutdown in the Republic of the Congo on election day,"NetBlocks metrics confirm an internet blackout in the Republic of Congo on the day of presidential elections, Sunday 21 March 2021."
https://transparencyreport.google.com/traffic/overview?disruption_history=region:TD;product:19;start:1613955600000;end:1615575600000&fraction_traffic=region:TD;product:19;start:1613955600000;end:1615575600000,TD,Chad,Web Search,2021-02-28,2021-03-06,Netblocks,https://netblocks.org/reports/internet-disrupted-in-chad-amid-deadly-standoff-at-opposition-candidates-house-nAgGPXAp,Internet disrupted in Chad amid deadly standoff at opposition candidate’s house,Internet connectivity has been severely disrupted in Chad since the morning of Sunday 28 February 2021
https://transparencyreport.google.com/traffic/overview?disruption_history=region:NE;product:19;start:1613284200000;end:1615854600000&fraction_traffic=region:NE;product:19;start:1613284200000;end:1615854600000,NE,Niger,Web Search,2021-02-24,2021-03-06,Access Now,https://www.accessnow.org/niger-election-internet-blackout/,Niger blacks out internet after presidential runoff election,"Following the official announcement of election results, major internet service providers (ISPs) in the country disrupted mobile internet."
https://transparencyreport.google.com/traffic/overview?disruption_history=region:MM;product:19;start:1604192400000;end:1628038800000&fraction_traffic=region:MM;product:19;start:1604192400000;end:1628038800000,MM,Myanmar (Burma),Web Search,2021-02-01,2021-05-04,Reuters,https://graphics.reuters.com/MYANMAR-POLITICS/INTERNET-RESTRICTION/rlgpdbreepo/,Myanmar’s internet suppression,"Since the coup, the junta has ordered telecom companies to carry out dozens of shutdowns."
https://transparencyreport.google.com/traffic/overview?disruption_history=region:UG;product:19;start:1610157600000;end:1611356400000&fraction_traffic=region:UG;product:19;start:1610157600000;end:1611356400000,UG,Uganda,Web Search,2021-01-13,2021-01-18,OONI,https://ooni.org/post/2021-uganda-general-election-blocks-and-outage/,Uganda: Data on internet blocks and nationwide internet outage amid 2021 general election,"Last week, amid its 2021 general election, Uganda was disconnected from the internet entirely."
https://transparencyreport.google.com/traffic/overview?disruption_history=region:PK;product:19;start:1610208000000;end:1610294400000&fraction_traffic=region:PK;product:19;start:1610208000000;end:1610294400000,PK,Pakistan,Web Search,2021-01-10,2021-01-10,Netblocks,https://netblocks.org/reports/pakistan-internet-connectivity-collapses-amid-nation-scale-power-outage-YAEvvoB3,Pakistan internet connectivity collapses amid nation-scale power outage,Connectivity levels are being restored along with the gradual return of power
https://transparencyreport.google.com/traffic/overview?disruption_history=region:TZ;product:21;start:1602972000000;end:1605510000000&fraction_traffic=region:TZ;product:21;start:1602972000000;end:1605510000000,TZ,Tanzania,YouTube,2020-10-27,2020-11-06,PRI,https://www.pri.org/stories/2020-10-28/tanzanias-internet-restrictions-during-election-are-despicable-digital-rights,"Tanzania's internet restrictions during election are 'despicable,' digital rights activist says",The buildup to Election Day has been marred by widespread internet outages and social media going dark.
https://transparencyreport.google.com/traffic/overview?disruption_history=region:GN;product:19;start:1603085400000;end:1604165400000&fraction_traffic=region:GN;product:19;start:1603085400000;end:1604165400000,GN,Guinea,Web Search,2020-10-23,2020-10-27,Netblocks,https://netblocks.org/reports/internet-disrupted-in-guinea-ahead-of-presidential-election-result-announcement-DA3lQ3BW,Internet disrupted in Guinea ahead of presidential election result announcement,Elections in Guinea have been held under an increasingly restrictive media environment that include national internet restrictions.
https://transparencyreport.google.com/traffic/overview?disruption_history=region:AZ;product:21;start:1598961600000;end:1605646800000&fraction_traffic=region:AZ;product:21;start:1598961600000;end:1605646800000,AZ,Azerbaijan,YouTube,2020-09-27,2020-10-23,Netblocks,https://netblocks.org/reports/social-media-restricted-in-azerbaijan-amid-clashes-with-armenia-over-nagorno-karabakh-pA5LMj87,Social media restricted in Azerbaijan amid clashes with Armenia over Nagorno-Karabakh,"The restrictions have come into place as a security measure declared by the Ministry of Transport, Communications and Technology"
https://transparencyreport.google.com/traffic/overview?disruption_history=region:DZ;product:19;start:1600005600000;end:1600016400000&fraction_traffic=region:DZ;product:19;start:1600005600000;end:1600016400000,DZ,Algeria,Web Search,2020-09-13,2020-09-13,Netblocks,https://netblocks.org/reports/social-media-restricted-and-internet-cut-during-algeria-school-exams-xAGolxAz,Social media restricted and internet cut during Algeria school exams,"Internet connectivity has been significantly disrupted in Algeria, sending much of the country offline for one hour"
https://transparencyreport.google.com/traffic/overview?disruption_history=region:BY;product:19;start:1596794400000;end:1597410000000&fraction_traffic=region:BY;product:19;start:1596794400000;end:1597410000000,BY,Belarus,Web Search,2020-08-09,2020-08-12,Reuters,https://www.reuters.com/article/us-belarus-election-internet/internet-blackout-in-belarus-leaves-protesters-in-the-dark-idUSKCN2571Q4,Internet blackout in Belarus leaves protesters in the dark,Mobile phone internet has been offline since protesters clashed with police on Sunday
https://transparencyreport.google.com/traffic/overview?disruption_history=region:SO;product:19;start:1595638800000;end:1595979000000&fraction_traffic=region:SO;product:19;start:1595638800000;end:1595979000000,SO,Somalia,Web Search,2020-07-26,2020-07-27,Netblocks,https://netblocks.org/reports/somalia-internet-blackout-after-parliament-votes-to-remove-prime-minister-DA3lx6BW,Somalia internet blackout after parliament votes to remove prime minister,The internet outage began the morning after Somalia’s parliament removed prime minister Hassan Ali Khaire from his post
https://transparencyreport.google.com/traffic/overview?disruption_history=region:ET;product:19;start:1591533000000;end:1597446000000&fraction_traffic=region:ET;product:19;start:1591533000000;end:1597446000000,ET,Ethiopia,Web Search,2020-06-30,2020-07-23,Netblocks,https://netblocks.org/reports/internet-cut-in-ethiopia-amid-unrest-following-killing-of-singer-pA25Z28b,Internet cut in Ethiopia amid unrest following killing of singer,The blackout comes amid protests in Addis Ababa after Oromo singer and activist Haacaaluu Hundeessaa was shot dead on Monday night.
https://transparencyreport.google.com/traffic/overview?disruption_history=region:BI;product:21;start:1589815800000;end:1590215400000&fraction_traffic=region:BI;product:21;start:1589815800000;end:1590215400000,BI,Burundi,YouTube,2020-05-20,2020-05-21,Committee to Protect Journalists,https://cpj.org/2020/05/burundi-blocks-social-media-access-during-presiden/,Burundi blocks social media access during presidential elections,"Users sporadically could not access WhatsApp and websites including Facebook, YouTube, and Twitter in Burundi"
https://transparencyreport.google.com/traffic/overview?disruption_history=region:GN;product:19;start:1584729000000;end:1584756000000&fraction_traffic=region:GN;product:19;start:1584729000000;end:1584756000000,GN,Guinea,Web Search,2020-03-20,2020-03-20,Access Now,https://www.accessnow.org/a-broken-promise-to-keepiton-guinea-cuts-internet-access-and-blocks-social-media-on-referendum-day/,Guinea cuts internet access and blocks social media on referendum day,"As millions of Guineans went to the polls to vote [...], authorities first cut access to the internet and later blocked social media"
https://transparencyreport.google.com/traffic/overview?disruption_history=region:TR;product:21;start:1582775100000;end:1582958700000&fraction_traffic=region:TR;product:21;start:1582775100000;end:1582958700000,TR,Türkiye,YouTube,2020-02-27,2020-02-28,Euronews,https://www.euronews.com/2020/02/28/turkey-blocks-social-media-after-idlib-airstrike-kills-33-soldiers-the-cube,Turkey blocks social media access for 16 hours after Syria airstrike,Turkey blocked its citizens from accessing social media platforms after an airstrike in Syria
https://transparencyreport.google.com/traffic/overview?disruption_history=region:CG;product:19;start:1579141800000;end:1579206600000&fraction_traffic=region:CG;product:19;start:1579141800000;end:1579206600000,CG,Congo - Brazzaville,Web Search,2020-01-16,2020-01-16,Submarine Telecoms Forum,https://subtelforum.com/wacs-breakage-caused-by-dense-heavy-sediment/,"WACS Breakage Caused by Dense, Heavy Sediment",Cable damaged occurred in the trunk section of the WACS [West African Cable System]
https://transparencyreport.google.com/traffic/overview?disruption_history=region:YE;product:19;start:1578605400000;end:1578718800000&fraction_traffic=region:YE;product:19;start:1578605400000;end:1578718800000,YE,Yemen,Web Search,2020-01-10,2020-01-10,Wired,https://www.wired.com/story/yemen-internet-blackout-undersea-cable/,Cut Undersea Cable Plunges Yemen Into Days-Long Internet Outage,The entire Red Sea region has dealt with slow to nonexistent connectivity since the severing of a single submarine cable on Thursday.
https://transparencyreport.google.com/traffic/overview?disruption_history=region:BG;product:19;start:1576735200000;end:1576751400000&fraction_traffic=region:BG;product:19;start:1576735200000;end:1576751400000,BG,Bulgaria,Web Search,2019-12-19,2019-12-19,BBC,https://www.bbc.com/news/technology-50851420,Google goes offline after fibre cables cut,"Severed fibre optic cables disrupted internet access in parts of eastern Europe, Iran and Turkey"
https://transparencyreport.google.com/traffic/overview?disruption_history=region:TR;product:19;start:1576735200000;end:1576751400000&fraction_traffic=region:TR;product:19;start:1576735200000;end:1576751400000,TR,Türkiye,Web Search,2019-12-19,2019-12-19,BBC,https://www.bbc.com/news/technology-50851420,Google goes offline after fibre cables cut,"Severed fibre optic cables disrupted internet access in parts of eastern Europe, Iran and Turkey"
https://transparencyreport.google.com/traffic/overview?disruption_history=region:BI;product:21;start:1575943200000;end:1576720800000&fraction_traffic=region:BI;product:21;start:1575943200000;end:1576720800000,BI,Burundi,YouTube,2019-12-13,2019-12-16,RegionWeek,https://regionweek.com/did-you-know-that-youtube-was-blocked-in-burundi-for-3-days/,Did you know that Youtube was blocked in Burundi for 3 days?,"The Youtube channel users in Burundi woke up on the morning of Friday, December 13, 2019, being unable to access the video-sharing channel"
https://transparencyreport.google.com/traffic/overview?disruption_history=region:IR;product:19;start:1572903000000;end:1576002600000&fraction_traffic=region:IR;product:19;start:1572903000000;end:1576002600000,IR,Iran,Web Search,2019-11-16,2019-11-28,Open Observatory of Network Interference,https://ooni.org/post/2019-iran-internet-blackout/,Iran’s nation-wide Internet blackout: Measurement data and technical observations,"Over the last week, Iran experienced a nation-wide Internet blackout."
https://transparencyreport.google.com/traffic/overview?disruption_history=region:VE;product:21;start:1573916400000;end:1573938000000&fraction_traffic=region:VE;product:21;start:1573916400000;end:1573938000000,VE,Venezuela,YouTube,2019-11-16,2019-11-16,Netblocks,https://netblocks.org/reports/twitter-facebook-and-instagram-restricted-in-venezuela-on-day-of-planned-protests-98aMZv8o,"Twitter, Facebook and Instagram restricted in Venezuela on day of planned protests",Venezuela’s state-run internet provider ABA CANTV (AS8048) has restricted access to [...] social media services.
https://transparencyreport.google.com/traffic/overview?disruption_history=region:IQ;product:19;start:1572294600000;end:1574136000000&fraction_traffic=region:IQ;product:19;start:1572294600000;end:1574136000000,IQ,Iraq,Web Search,2019-11-04,2019-11-12,Fox News,https://www.foxnews.com/world/iraq-internet-baghdad-protests-deadly,"Iraq cuts off Internet access in Baghdad, southern regions as protests leave 3 more dead",Iraqi authorities trying to quell an anti-government uprising reportedly cut off Internet access
https://transparencyreport.google.com/traffic/overview?disruption_history=region:IQ;product:19;start:1569366000000;end:1571439600000&fraction_traffic=region:IQ;product:19;start:1569366000000;end:1571439600000,IQ,Iraq,Web Search,2019-10-02,2019-10-10,Access Now,https://www.accessnow.org/amid-massive-anti-government-protests-a-near-total-internet-shutdown-in-iraq/,"Amid massive anti-government protests, a near total internet shutdown in Iraq","Internet access has been cut off across much of Iraq. Currently 75% of the country, including Baghdad, is still offline."
https://transparencyreport.google.com/traffic/overview?disruption_history=region:BS;product:19;start:1567162800000;end:1567681200000&fraction_traffic=region:BS;product:19;start:1567162800000;end:1567681200000,BS,Bahamas,Web Search,2019-09-02,2019-09-02,Netblocks,https://netblocks.org/reports/hurricane-dorian-knocks-out-internet-infrastructure-oAvrRqAY,Tracing Hurricane Dorian’s impact via real-time internet measurement,Many parts of the Bahamas remain offline [...] as Hurricane Dorian continues to impact Grand Bahama island.
https://transparencyreport.google.com/traffic/overview?disruption_history=region:DZ;product:19;start:1565281800000;end:1565319600000&fraction_traffic=region:DZ;product:19;start:1565281800000;end:1565319600000,DZ,Algeria,Web Search,2019-08-08,2019-08-08,Netblocks,https://netblocks.org/reports/internet-disrupted-in-algeria-amid-protests-against-military-influence-pA2znrAb,Internet disrupted in Algeria amid protests against military influence,internet access has been restricted in regions of Algeria [...] The measures appear to impact widespread public demonstrations
https://transparencyreport.google.com/traffic/overview?disruption_history=region:VE;product:19;start:1563775200000;end:1563948000000&fraction_traffic=region:VE;product:19;start:1563775200000;end:1563948000000,VE,Venezuela,Web Search,2019-07-22,2019-07-23,Netblocks,https://netblocks.org/reports/venezuela-knocked-offline-after-nationwide-power-outage-3AnwjoB2,Venezuela knocked offline after nationwide power outage,a nationwide power outage across Venezuela [...] sending approximately 94% of the country’s telecommunications infrastructure offline.
https://transparencyreport.google.com/traffic/overview?disruption_history=region:IQ;product:19;start:1561599000000;end:1561626000000&fraction_traffic=region:IQ;product:19;start:1561599000000;end:1561626000000,IQ,Iraq,Web Search,2019-06-27,2019-06-27,Netblocks,https://netblocks.org/reports/iraq-shuts-down-internet-to-prevent-cheating-in-national-science-exams-gBLk94A4,Iraq shuts down internet to prevent cheating in national science exams,Iraq’s internet has been partially cut on the morning of Wednesday 26 June 2019 [...] to prevent cheating during national school exams.
https://transparencyreport.google.com/traffic/overview?disruption_history=region:MR;product:19;start:1560472200000;end:1563010200000&fraction_traffic=region:MR;product:19;start:1560472200000;end:1563010200000,MR,Mauritania,Web Search,2019-06-23,2019-07-03,Netblocks,https://netblocks.org/reports/post-election-internet-shutdown-in-mauritania-following-widespread-mobile-disruptions-JA6zmeAQ,Post-election internet shutdown in Mauritania following widespread mobile disruptions,Mauritania is in the midst of a near-total internet blackout [...] following contested presidential elections held during the weekend.
https://transparencyreport.google.com/traffic/overview?disruption_history=region:ET;product:19;start:1560891600000;end:1561971600000&fraction_traffic=region:ET;product:19;start:1560891600000;end:1561971600000,ET,Ethiopia,Web Search,2019-06-23,2019-06-27,Fortune,https://fortune.com/2019/07/02/ethiopia-government-mandated-internet-shutdown/,Ethiopia Is Coming Back Online After Government Assassinations Prompted a 10-Day Internet Blackout,"Ethiopia has begun restoring Internet access Tuesday, 10 days after it was cut following the assassinations of six top government officials."
https://transparencyreport.google.com/traffic/overview?disruption_history=region:VE;product:21;start:1560960000000;end:1560976200000&fraction_traffic=region:VE;product:21;start:1560960000000;end:1560976200000,VE,Venezuela,YouTube,2019-06-19,2019-06-19,Netblocks,https://netblocks.org/reports/twitter-and-instagram-restricted-in-venezuela-during-national-assembly-session-XB7wk1B7,Twitter and Instagram restricted in Venezuela during National Assembly session,"Update: 19 June 2019 – YouTube, Google services, and Bing have been disrupted during a live-streamed press conference in Caracas"
https://transparencyreport.google.com/traffic/overview?disruption_history=region:VE;product:21;start:1560794400000;end:1560816000000&fraction_traffic=region:VE;product:21;start:1560794400000;end:1560816000000,VE,Venezuela,YouTube,2019-06-17,2019-06-17,Netblocks,https://netblocks.org/reports/streaming-services-restricted-in-venezuela-as-guaido-holds-press-conference-in-caracas-xyMGQGAZ,Streaming services restricted in Venezuela as Guaidó holds press conference in Caracas,"Venezuela’s state-run internet provider ABA CANTV (AS8048) restricted access to YouTube, [and] several Google services"
https://transparencyreport.google.com/traffic/overview?disruption_history=region:ET;product:19;start:1560072600000;end:1560720600000&fraction_traffic=region:ET;product:19;start:1560072600000;end:1560720600000,ET,Ethiopia,Web Search,2019-06-11,2019-06-14,Quartz,https://qz.com/africa/1646789/ethiopia-tech-startups-hurt-by-social-media-block-internet-shutdown/,"Ethiopia’s tech startups are ready to run the world, but the internet keeps getting blocked",Authorities in Ethiopia disrupted connectivity nationwide to prevent students from cheating in national exams.
https://transparencyreport.google.com/traffic/overview?disruption_history=region:SD;product:19;start:1556427600000;end:1565823600000&fraction_traffic=region:SD;product:19;start:1556427600000;end:1565823600000,SD,Sudan,Web Search,2019-06-03,2019-07-09,Washington Post,https://www.washingtonpost.com/politics/2019/06/13/end-mass-protests-sudan-has-cut-off-internet-access-nationwide-heres-why,"To end mass protests, Sudan has cut off Internet access nationwide. Here’s why.","On Monday, the regime severed Sudan’s remaining Internet access, resulting in a “near total blackout.”"
https://transparencyreport.google.com/traffic/overview?disruption_history=region:TJ;product:19;start:1557678600000;end:1559871000000&fraction_traffic=region:TJ;product:19;start:1557678600000;end:1559871000000,TJ,Tajikistan,Web Search,2019-05-21,2019-05-29,Euraisanet,https://eurasianet.org/tajikistan-internet-grinds-to-a-halt-after-presidents-criticism,Tajikistan: Internet grinds to a halt after president’s criticism,"By the same evening, Tajik authorities had sprung into action, extending the blockages on websites to all Google resources."
https://transparencyreport.google.com/traffic/overview?disruption_history=region:LK;product:21;start:1557442800000;end:1558420200000&fraction_traffic=region:LK;product:21;start:1557442800000;end:1558420200000,LK,Sri Lanka,YouTube,2019-05-13,2019-05-17,Netblocks,https://netblocks.org/reports/sri-lanka-blocks-social-media-for-third-time-in-one-month-M8JRjg80,Sri Lanka blocks social media for third time in a month,The disruption is the third nationwide censorship order deployed by Sri Lanka in the span of one month.
https://transparencyreport.google.com/traffic/overview?disruption_history=region:KZ;product:21;start:1557277200000;end:1557612000000&fraction_traffic=region:KZ;product:21;start:1557277200000;end:1557612000000,KZ,Kazakhstan,YouTube,2019-05-09,2019-05-10,Netblocks,https://netblocks.org/reports/social-media-blocked-in-kazakhstan-on-victory-day-eBOg47BZ,Social media blocked in Kazakhstan on Victory Day,Multiple internet providers in Kazakhstan have blocked access to major social networks and online platforms
https://transparencyreport.google.com/traffic/overview?disruption_history=region:BJ;product:19;start:1556409600000;end:1556539200000&fraction_traffic=region:BJ;product:19;start:1556409600000;end:1556539200000,BJ,Benin,Web Search,2019-04-28,2019-04-29,Netblocks,https://netblocks.org/reports/internet-blocked-in-benin-on-election-day-aAwqknyM,Internet blocked in Benin on election day,"Internet access has been totally cut off in Benin as of 11:00 AM UTC, Sunday 28 April 2019"
https://transparencyreport.google.com/traffic/overview?disruption_history=region:LK;product:21;start:1555117200000;end:1557352800000&fraction_traffic=region:LK;product:21;start:1555117200000;end:1557352800000,LK,Sri Lanka,YouTube,2019-04-21,2019-04-30,BBC,https://www.bbc.com/news/technology-48022530,Sri Lanka attacks: The ban on social media,"To stop the spread of ""false news reports"", Facebook, Facebook-owned WhatsApp and Instagram, YouTube, Snapchat and Viber were all banned."
https://transparencyreport.google.com/traffic/overview?disruption_history=region:NR;product:19;start:1553828400000;end:1555254000000&fraction_traffic=region:NR;product:19;start:1553828400000;end:1555254000000,NR,Nauru,Web Search,2019-04-03,2019-04-09,Access Now,https://www.accessnow.org/why-what-happens-on-the-little-island-of-nauru-should-matter-to-the-whole-w/,Why what happens on the little island of Nauru should matter to the whole world,"Over the past few weeks, the government of Nauru has imposed an internet shutdown, blocking people from using certain sites "
https://transparencyreport.google.com/traffic/overview?disruption_history=region:TO;product:19;start:1546772400000;end:1550385000000&fraction_traffic=region:TO;product:19;start:1546772400000;end:1550385000000,TO,Tonga,Web Search,2019-01-20,2019-02-03,New York Times,https://www.nytimes.com/2019/01/31/world/asia/tonga-internet-blackout.html,Could You Last 11 Days Without the Internet? Tonga Finds Out the Hard Way,An underwater fiber-optic cable that connects Tongans to high-speed internet was severed on Jan. 20 2019
https://transparencyreport.google.com/traffic/overview?disruption_history=region:ZW;product:19;start:1547539231595;end:1547690440818&fraction_traffic=region:ZW;product:19;start:1547539231595;end:1547690440818,ZW,Zimbabwe,Web Search,2019-01-15,2019-01-16,CNN,https://www.cnn.com/2019/01/15/africa/zimbabwe-net-shutdown-protest/index.html,Zimbabweans say social media blocked in wake of violent protests,Zimbabweans said they were unable to access social media Tuesday after protests erupted over a sharp increase in fuel prices...
https://transparencyreport.google.com/traffic/overview?disruption_history=region:GA;product:19;start:1546860466152;end:1546942020227&fraction_traffic=region:GA;product:19;start:1546860466152;end:1546942020227,GA,Gabon,Web Search,2019-01-07,2019-01-08,Al Jazeera,https://www.aljazeera.com/news/2019/01/internet-shut-gabon-attempted-coup-190108072246896.html,Internet shut down in Gabon following attempted coup,"The situation in Gabon remained unclear on Tuesday, a day after soldiers attempted a coup d'etat as the government shut down the internet..."
https://transparencyreport.google.com/traffic/overview?disruption_history=region:CD;product:19;start:1544533200000;end:1549717200000&fraction_traffic=region:CD;product:19;start:1544533200000;end:1549717200000,CD,Congo - Kinshasa,Web Search,2018-12-31,2019-01-20,BBC,https://www.bbc.com/news/world-africa-46721168,DR Congo election: Internet shut down after presidential vote,The internet has been shut down in key cities in the Democratic Republic of Congo a day after the much-delayed presidential election.
https://transparencyreport.google.com/traffic/overview?disruption_history=region:BD;product:19;start:1545854400000;end:1546545600000&fraction_traffic=region:BD;product:19;start:1545854400000;end:1546545600000,BD,Bangladesh,Web Search,2018-12-29,2019-01-01,Aljazeera,https://www.aljazeera.com/news/2018/12/bangladesh-shuts-mobile-internet-lead-election-day-181229111353218.html,Bangladesh shuts down mobile internet in lead up to election day,Bangladesh's telecoms regulator has ordered mobile operators to shut down high-speed mobile internet services until midnight Sunday.
https://transparencyreport.google.com/traffic/overview?disruption_history=region:MP;product:19;start:1540314000000;end:1540486800000&fraction_traffic=region:MP;product:19;start:1540314000000;end:1540486800000,MP,Northern Mariana Islands,Web Search,2018-10-24,2018-10-24,CBS News,https://www.cbsnews.com/news/us-mariana-islands-typhoon-yutu-lot-of-damage-and-destruction-saipan-2018-10-25/,"Super Typhoon Yutu leaves ""a lot of damage and destruction"" in U.S. Northern Mariana Islands",Residents of the Commonwealth of the Northern Mariana Islands were bracing for months without electricity or running water.
https://transparencyreport.google.com/traffic/overview?disruption_history=region:UZ;product:21;start:1525683600000;end:1564563600000&fraction_traffic=region:UZ;product:21;start:1525683600000;end:1564563600000,UZ,Uzbekistan,YouTube,2018-10-04,2019-03-03,The Qazaq Times,https://qazaqtimes.com/en/article/48743,Uzbekistan has blocked YouTube social network,"In the opinion of independent journalists and civil activists, the government blocked YouTube"
https://transparencyreport.google.com/traffic/overview?disruption_history=region:BJ;product:19;start:1536984000000;end:1538112600000&fraction_traffic=region:BJ;product:19;start:1536984000000;end:1538112600000,BJ,Benin,Web Search,2018-09-19,2018-09-23,Alliance for Affordable Internet,https://a4ai.org/the-impact-of-taxation-on-internet-affordability-the-case-of-benin/,The impact of taxation on internet affordability: the case of Benin,"In September 2018, the Benin government proposed a tax on over-the-top services."
https://transparencyreport.google.com/traffic/overview?disruption_history=region:IQ;product:19;start:1530723600000;end:1533315600000&fraction_traffic=region:IQ;product:19;start:1530723600000;end:1533315600000,IQ,Iraq,Web Search,2018-07-14,2018-07-24,Netblocks,https://netblocks.org/reports/study-shows-extent-of-iraq-internet-shutdown-and-social-media-restrictions-during-protests-zPyXjzAE,Study shows extent of Iraq internet shutdown and social media restrictions during protests,A full internet shutdown is in place affecting the largest population centres of Iraq and most provinces
https://transparencyreport.google.com/traffic/overview?disruption_history=region:SL;product:19;start:1522519200000;end:1522594800000&fraction_traffic=region:SL;product:19;start:1522519200000;end:1522594800000,SL,Sierra Leone,Web Search,2018-04-01,2018-04-01,Africa News,https://www.africanews.com/2018/04/01/why-sierra-leone-temporarily-shutdown-internet-after-runoff-vote/,Why Sierra Leone temporarily shut down internet after runoff vote,Sierra Leonean authorities temporarily shut down the internet after close of polls in the presidential runoff.
https://transparencyreport.google.com/traffic/overview?disruption_history=region:CD;product:19;start:1516248000000;end:1516982400000&fraction_traffic=region:CD;product:19;start:1516248000000;end:1516982400000,CD,Congo - Kinshasa,Web Search,2018-01-21,2018-01-23,Committee to Protect Journalists,https://cpj.org/2018/03/drc-authorities-cut-access-to-internet-and-sms-ahe.php,DRC authorities cut access to internet and SMS ahead of protests,"On January 21, 2018, two days ahead of more pro-democracy protests, the government imposed a three-day internet and SMS service shutdown"
https://transparencyreport.google.com/traffic/overview?disruption_history=region:CD;product:19;start:1514507400000;end:1515009600000&fraction_traffic=region:CD;product:19;start:1514507400000;end:1515009600000,CD,Congo - Kinshasa,Web Search,2017-12-30,2018-01-01,Committee to Protect Journalists,https://cpj.org/2018/03/drc-authorities-cut-access-to-internet-and-sms-ahe.php,DRC authorities cut access to internet and SMS ahead of protests,"On December 30, 2017, [...] Emery Okundji ordered the country's telecommunications providers to shut internet and SMS services."
https://transparencyreport.google.com/traffic/overview?disruption_history=region:GQ;product:19;start:1509955200000;end:1511445600000&fraction_traffic=region:GQ;product:19;start:1509955200000;end:1511445600000,GQ,Equatorial Guinea,Web Search,2017-11-12,2017-11-17,Agencia EFE,https://www.efe.com/efe/english/world/equatorial-guinea-holds-elections-opposition-complains-of-irregularities/50000262-3436246,"Equatorial Guinea holds elections, opposition complains of irregularities","There were arrests and assaults on their election inspectors, [...] in addition to a cut in Internet access."
https://transparencyreport.google.com/traffic/overview?disruption_history=region:CK;product:19;start:1509060600000;end:1509406200000&fraction_traffic=region:CK;product:19;start:1509060600000;end:1509406200000,CK,Cook Islands,Web Search,2017-10-28,2017-10-29,TVNZ,https://www.tvnz.co.nz/one-news/world/fire-wipes-cook-islands-mobile-phone-service,Fire wipes out Cook Islands mobile phone service,A fire in popular holiday destination the Cook Islands has wiped out all mobile phone services – and it may be weeks before it's restored.
https://transparencyreport.google.com/traffic/overview?disruption_history=region:VI;product:19;start:1505826000000;end:1505998800000&fraction_traffic=region:VI;product:19;start:1505826000000;end:1505998800000,VI,U.S. Virgin Islands,Web Search,2017-09-20,2017-09-20,New York Times,https://www.nytimes.com/2017/09/27/us/hurricane-maria-virgin-islands.html,"In the Virgin Islands, Hurricane Maria Drowned What Irma Didn’t Destroy","As islanders wait for doctors, medicine, fuel and manpower to rebuild, the economic toll from the storms is only starting to come to light."
https://transparencyreport.google.com/traffic/overview?disruption_history=region:PR;product:19;start:1505811600000;end:1505984400000&fraction_traffic=region:PR;product:19;start:1505811600000;end:1505984400000,PR,Puerto Rico,Web Search,2017-09-20,2017-09-20,Dyn,https://dyn.com/blog/puerto-ricos-slow-internet-recovery/,Puerto Rico’s Slow Internet Recovery,"Hurricane Maria made landfall in Puerto Rico.  Two and a half months later, the island is still recovering from the resulting devastation."
https://transparencyreport.google.com/traffic/overview?disruption_history=region:MS;product:19;start:1505170800000;end:1507050000000&fraction_traffic=region:MS;product:19;start:1505170800000;end:1507050000000,MS,Montserrat,Web Search,2017-09-19,2017-09-26,Caribbean360,http://www.caribbean360.com/news/hurricane-maria-makes-impact-tiny-montserrat,Hurricane Maria Makes Impact on Tiny Montserrat,"It was not among the worst affected, but Montserrat did not go untouched by Category 5 Hurricane Maria."
https://transparencyreport.google.com/traffic/overview?disruption_history=region:DM;product:19;start:1505707200000;end:1505880000000&fraction_traffic=region:DM;product:19;start:1505707200000;end:1505880000000,DM,Dominica,Web Search,2017-09-19,2017-09-19,Jamaica Observer,http://www.jamaicaobserver.com/latestenws/Most_internet_service_out_in_Dominica?profile=1228,Most internet service out in Dominica,Most of Dominica's internet service appears to be down in the wake of Hurricane Maria.
https://transparencyreport.google.com/traffic/overview?disruption_history=region:TC;product:19;start:1504798200000;end:1504971000000&fraction_traffic=region:TC;product:19;start:1504798200000;end:1504971000000,TC,Turks & Caicos Islands,Web Search,2017-09-08,2017-09-08,The Guardian,https://www.theguardian.com/world/2017/sep/23/hurricane-maria-irma-turks-and-caicos,Hurricane Maria adds to damage caused by Irma on Turks and Caicos,Hurricane Maria has added to the extensive damage on the British overseas territory of the Turks and Caicos Islands.
https://transparencyreport.google.com/traffic/overview?disruption_history=region:VI;product:19;start:1504530000000;end:1505113200000&fraction_traffic=region:VI;product:19;start:1504530000000;end:1505113200000,VI,U.S. Virgin Islands,Web Search,2017-09-06,2017-09-09,Washington Post,https://www.washingtonpost.com/news/the-intersect/wp/2017/09/09/the-eerie-online-silence-from-the-tiny-caribbean-islands-ravaged-by-hurricane-irma/?noredirect=on,The eerie online silence from the tiny Caribbean islands ravaged by Hurricane Irma,"In the days after Irma hit, some heard short messages from their loved ones on Tortola. But for many, there has been only an eerie silence."
https://transparencyreport.google.com/traffic/overview?disruption_history=region:PR;product:19;start:1504465200000;end:1505145600000&fraction_traffic=region:PR;product:19;start:1504465200000;end:1505145600000,PR,Puerto Rico,Web Search,2017-09-06,2017-09-09,PBS,https://www.pbs.org/wgbh/nova/article/puerto-rico-hurricane-maria-internet/,"After Hurricane Maria, Puerto Rico’s Internet Problems Go from Bad to Worse","A year after Hurricanes Maria and Irma, telecommunications infrastructure problems persist."
https://transparencyreport.google.com/traffic/overview?disruption_history=region:TG;product:19;start:1504422031039;end:1505286001910&fraction_traffic=region:TG;product:19;start:1504422031039;end:1505286001910,TG,Togo,Web Search,2017-09-05,2017-09-10,Reuters,https://af.reuters.com/article/africaTech/idAFKCN1BI1VA-OZATP,Togo blocks Internet as protesters march for second day,Togolese authorities blocked Internet access on Thursday as opponents of President Faure Gnassingbe marched for a second day against
https://transparencyreport.google.com/traffic/overview?disruption_history=region:ET;product:19;start:1495438200000;end:1497625200000&fraction_traffic=region:ET;product:19;start:1495438200000;end:1497625200000,ET,Ethiopia,Web Search,2017-05-30,2017-06-08,Quartz,https://qz.com/994990/ethiopia-shut-down-the-internet-ahead-of-a-scheduled-countrywide-National-exams/,Ethiopia shut down the country’s internet to beat exam cheats,Ethiopia shut down the internet on Tuesday (May 30 2017) ahead of a scheduled national examination
https://transparencyreport.google.com/traffic/overview?disruption_history=region:MG;product:19;start:1483697280000;end:1488632160000&fraction_traffic=region:MG;product:19;start:1483697280000;end:1488632160000,MG,Madagascar,Web Search,2017-01-25,2017-02-13,Dyn Research,http://b2b.renesys.com/eventsbulletin/2017/01/MG-1485342240.html,48 networks out in Madagascar,48 networks experienced an outage in Madagascar starting at 11:04 UTC on January 25 2017.
https://transparencyreport.google.com/traffic/overview?disruption_history=region:MH;product:19;start:1481130000000;end:1486443600000&fraction_traffic=region:MH;product:19;start:1481130000000;end:1486443600000,MH,Marshall Islands,Web Search,2016-12-28,2017-01-17,ABC,https://www.abc.net.au/news/2017-01-09/internet-cable-repair-forces-marshall-islands-offline/8169484,Internet blackout forces Marshall Islanders to give up social media contact 'cold turkey' at Christmas,An internet blackout in Marshall Islands has caused withdrawal symptoms in a population that is used to fast internet speeds.
https://transparencyreport.google.com/traffic/overview?disruption_history=region:GM;product:19;start:1480401000000;end:1480816800000&fraction_traffic=region:GM;product:19;start:1480401000000;end:1480816800000,GM,Gambia,Web Search,2016-11-30,2016-12-02,BBC,https://www.bbc.com/news/world-africa-38157127,Gambia election: Internet and international calls banned,The Gambia has banned the internet and international phone calls as presidential elections are held in the West African state.
https://transparencyreport.google.com/traffic/overview?disruption_history=region:ET;product:19;start:1470571200000;end:1485831600000&fraction_traffic=region:ET;product:19;start:1470571200000;end:1485831600000,ET,Ethiopia,Web Search,2016-10-05,2016-12-03,Quartz,https://qz.com/africa/812689/oromo-protests-ethiopias-internet-shutdown-could-drain-millions-of-dollars-from-the-economy/,Internet shutdown could cost Ethiopia’s booming economy millions of dollars,"Mobile internet remains down across the country since the government announced a six-month, nationwide emergency in early October."
https://transparencyreport.google.com/traffic/overview?disruption_history=region:GA;product:19;start:1472335200000;end:1473404400000&fraction_traffic=region:GA;product:19;start:1472335200000;end:1473404400000,GA,Gabon,Web Search,2016-09-01,2016-09-05,Internet Without Borders,https://internetwithoutborders.org/internet-bandwidth-limited-by-the-government-in-gabon/,Internet Bandwidth Limited by the Government of Gabon?,"Since Sunday August 28, 2016, user’s access to the Internet in Gabon is disrupted."
https://transparencyreport.google.com/traffic/overview?disruption_history=region:ET;product:19;start:1468204200000;end:1468377000000&fraction_traffic=region:ET;product:19;start:1468204200000;end:1468377000000,ET,Ethiopia,Web Search,2016-07-11,2016-07-12,BBC,https://www.bbc.com/news/world-africa-36763572,Ethiopia blocks Facebook and other social media for exams,Ethiopia has blocked social media sites across the country after university entrance exams were posted online.
https://transparencyreport.google.com/traffic/overview?disruption_history=region:ET;product:21;start:1467842415618;end:1469070024761&fraction_traffic=region:ET;product:21;start:1467842415618;end:1469070024761,ET,Ethiopia,YouTube,2016-07-09,2016-07-13,Africa News,http://www.africanews.com/2016/07/10/ethiopia-blocks-social-media-to-prevent-university-exam-leakage/,Ethiopia blocks social media to prevent university exam leakage,Ethiopia has blocked social networking sites in the country since Saturday to prevent leakage of university entrance examination...
https://transparencyreport.google.com/traffic/overview?disruption_history=region:TR;product:21;start:1467167400000;end:1467270000000&fraction_traffic=region:TR;product:21;start:1467167400000;end:1467270000000,TR,Türkiye,YouTube,2016-06-29,2016-06-29,Reuters,http://www.reuters.com/article/us-mideast-crisis-socialmedia-idUSKCN0ZM2O3,Turkey appears to be in vanguard of 'throttling' social media after attacks,"The Turkish government appeared to take a step [...]: restricting access to Facebook, Twitter and YouTube."
https://transparencyreport.google.com/traffic/overview?disruption_history=region:DZ;product:19;start:1466305200000;end:1466370000000&fraction_traffic=region:DZ;product:19;start:1466305200000;end:1466370000000,DZ,Algeria,Web Search,2016-06-19,2016-06-19,Reuters,http://www.reuters.com/article/us-algeria-media-idUSKCN0Z50JX,"Algeria blocks Facebook, Twitter to stop exam cheats: state media",Access to the internet through the 3G mobile network also appeared to be disrupted on Sunday.
https://transparencyreport.google.com/traffic/overview?disruption_history=region:TD;product:19;start:1460088000000;end:1460590200000&fraction_traffic=region:TD;product:19;start:1460088000000;end:1460590200000,TD,Chad,Web Search,2016-04-10,2016-04-12,Africa News,http://www.africanews.com/2016/04/11/chad-elections-major-internet-blackout-ahead-of-declaration/,Chad Elections: Major internet blackout ahead of declaration,"More than 48 hours after the holding of the presidential elections in Chad, N’Djamena residents still have no access to social networks."
https://transparencyreport.google.com/traffic/overview?disruption_history=region:CG;product:19;start:1458102600000;end:1459139400000&fraction_traffic=region:CG;product:19;start:1458102600000;end:1459139400000,CG,Congo - Brazzaville,Web Search,2016-03-20,2016-03-24,Euractiv,https://www.euractiv.com/section/global-europe/news/internet-blackout-in-congo-as-government-fears-post-election-unrest/,Internet blackout in Congo as government fears post-election unrest,The Congolese government imposed a 48-hour communications block of the internet and telephone networks
https://transparencyreport.google.com/traffic/overview?disruption_history=region:FJ;product:19;start:1455759000000;end:1456401600000&fraction_traffic=region:FJ;product:19;start:1455759000000;end:1456401600000,FJ,Fiji,Web Search,2016-02-20,2016-02-23,Phys,https://phys.org/news/2016-02-ferocious-cyclone-pacific-island-nation.html,Ferocious cyclone strikes Pacific island nation of Fiji,Residents of Fiji hunkered down Saturday as a ferocious cyclone tore through the Pacific island chain.
https://transparencyreport.google.com/traffic/overview?disruption_history=region:CG;product:19;start:1445238035202;end:1446361200864&fraction_traffic=region:CG;product:19;start:1445238035202;end:1446361200864,CG,Congo - Brazzaville,Web Search,2015-10-19,2015-11-01,Vice,http://motherboard.vice.com/read/congo-government-allegedly-shuts-off-internet-service-to-squash-protests,Congo Government Allegedly Shuts Off Internet Service to Squash Protests,The government of the Republic of the Congo has apparently cut access to the main internet service provider in the midst of widespread.. 
https://transparencyreport.google.com/traffic/overview?disruption_history=region:DM;product:19;start:1440354600000;end:1441342800000&fraction_traffic=region:DM;product:19;start:1440354600000;end:1441342800000,DM,Dominica,Web Search,2015-08-27,2015-08-31,International Red Cross Federation,https://www.ifrc.org/fr/nouvelles/nouvelles/americas/dominica/dominica-emergency-appeal-after-tropical-storm-erika-69368/,Dominica: Emergency appeal after Tropical Storm Erika,"The island of Dominica sustained significant damage due to the passage of Tropical Storm Erika on Thursday, 28 August 2015."
https://transparencyreport.google.com/traffic/overview?disruption_history=region:TJ;product:21;start:1440493253930;end:1497942018778&fraction_traffic=region:TJ;product:21;start:1440493253930;end:1497942018778,TJ,Tajikistan,YouTube,2015-08-25,2017-06-14,Radio Free Europe/Radio Liberty,http://www.rferl.org/content/tajikistan-youtube-facebook-blocked/27207583.html,"Access To YouTube, Facebook Restricted Again In Tajikistan",YouTube and Facebook have become inaccessible via many Internet service providers in Tajikistan. Internet users across the country on August…
https://transparencyreport.google.com/traffic/overview?disruption_history=region:TR;product:21;start:1428217253910;end:1428344932946&fraction_traffic=region:TR;product:21;start:1428217253910;end:1428344932946,TR,Türkiye,YouTube,2015-04-05,2015-04-06,Al Jazeera,http://www.aljazeera.com/news/2015/04/twitter-youtube-blocked-turkey-150406132356177.html,Turkey blocks YouTube and Twitter,"Authorities in Turkey have blocked Twitter and YouTube following a court decision on publication of images of a prosecutor killed by...
"
https://transparencyreport.google.com/traffic/overview?disruption_history=region:GA;product:19;start:1427781600000;end:1428548400000&fraction_traffic=region:GA;product:19;start:1427781600000;end:1428548400000,GA,Gabon,Web Search,2015-04-03,2015-04-06,RFI,http://www.rfi.fr/afrique/20150407-internet-gabon-coupe-monde-sabotage-cable-sat-3-ace-reseaux-facebook,Internet: le Gabon «coupé du monde» à cause d’un sabotage,"Pendant quatre jours, le Gabon a vécu sans connexion internet. [...] un câble sous-marin a été coupé volontairement."
https://transparencyreport.google.com/traffic/overview?disruption_history=region:GA;product:19;start:1424588400000;end:1425220200000&fraction_traffic=region:GA;product:19;start:1424588400000;end:1425220200000,GA,Gabon,Web Search,2015-02-24,2015-02-27,World Politics Review,https://www.worldpoliticsreview.com/articles/15485/strikes-protests-signal-political-uncertainty-for-gabon-s-bongo,"Strikes, Protests Signal Political Uncertainty for Gabon’s Bongo",A strike by Gabon Telecom employees cut the country off from the Internet for 48 hours.
https://transparencyreport.google.com/traffic/overview?disruption_history=region:CD;product:19;start:1420131600000;end:1424937600000&fraction_traffic=region:CD;product:19;start:1420131600000;end:1424937600000,CD,Congo - Kinshasa,Web Search,2015-01-20,2015-02-07,Wall Street Journal,https://www.wsj.com/articles/congo-blocks-internet-access-amid-protests-against-president-kabila-1421938042,Democratic Republic of Congo Extends Internet Blockage,The government of the Democratic Republic of Congo has imposed an Internet blackout on the country for a third straight day.
https://transparencyreport.google.com/traffic/overview?disruption_history=region:CN;product:6;start:1418630415110&fraction_traffic=region:CN;product:6;start:1418630415110,CN,China,Gmail,2014-12-26,,Reuters,http://www.reuters.com/article/2014/12/29/google-china-idUSL3N0UD21W20141229,Google's Gmail blocked in China,Google Inc's Gmail was blocked in China after months of disruptions to the world's biggest email service ...
https://transparencyreport.google.com/traffic/overview?disruption_history=region:IQ;product:21;start:1402376401871;end:1406380207651&fraction_traffic=region:IQ;product:21;start:1402376401871;end:1406380207651,IQ,Iraq,YouTube,2014-06-10,2014-07-26,Mashable,http://mashable.com/2014/06/13/facebook-youtube-twitter-blocked-iraq/,"Facebook, YouTube, Twitter Blocked in Iraq Amid Crisis",As Iraq faces a growing insurgency...the country's Ministry of Communications has blocked access to a number of social media sites on Friday
https://transparencyreport.google.com/traffic/overview?disruption_history=region:TJ;product:21;start:1402113628241;end:1403312412848&fraction_traffic=region:TJ;product:21;start:1402113628241;end:1403312412848,TJ,Tajikistan,YouTube,2014-06-09,2014-06-19,Radio Free Europe/Radio Liberty,"http://www.rhttp://en.rsf.org/tajikistan-youtube-blocked-google-partly-13-06-2014,46438.htmlferl.org/content/youtube-partially-blocked-in-tajikistan/25416452.html",YouTube Partially Blocked In Tajikistan,The chairman of Tajikistan's Association of Internet Service Providers told RFE/RL that YouTube stopped being accessible [...] as of June 9.
https://transparencyreport.google.com/traffic/overview?disruption_history=region:CN;product:19;start:1400904054606&fraction_traffic=region:CN;product:19;start:1400904054606,CN,China,Web Search,2014-06-01,,Bloomberg,http://www.bloomberg.com/news/2014-06-02/google-s-china-services-slow-before-tiananmen-anniversary.html,Google's China Services Slow Ahead of Anniversary,Google Inc. services in China face blockages as the government tightens Internet controls ahead of the anniversary of the Tiananmen Square c…
https://transparencyreport.google.com/traffic/overview?disruption_history=region:IR;product:14;start:1395979208932&fraction_traffic=region:IR;product:14;start:1395979208932,IR,Iran,Google Sites,2014-04-07,,,,,Google Sites partially accessible
https://transparencyreport.google.com/traffic/overview?disruption_history=region:TR;product:21;start:1395669628789;end:1402038033471&fraction_traffic=region:TR;product:21;start:1395669628789;end:1402038033471,TR,Türkiye,YouTube,2014-03-27,2014-06-04,Bloomberg,http://www.bloomberg.com/news/2014-03-27/turkey-blocks-youtube-after-leak-of-syria-incursion-planning.html,Turkey Blocks YouTube After Syria Incursion Plans Leaked,Turkey’s telecommunications authority said yesterday it had blocked access to YouTube.
https://transparencyreport.google.com/traffic/overview?disruption_history=region:SY;product:19;start:1392789659735;end:1392962456078&fraction_traffic=region:SY;product:19;start:1392789659735;end:1392962456078,SY,Syria,Web Search,2014-02-20,2014-02-20,Renesys,https://twitter.com/renesys/status/436511307789905920,Near-total Internet blackout in Syria,"Following near-total Internet blackout in #Syria, service returns at 14:29:44 UTC"
https://transparencyreport.google.com/traffic/overview?disruption_history=region:CN;product:9;start:1390280442499;end:1390366813868&fraction_traffic=region:CN;product:9;start:1390280442499;end:1390366813868,CN,China,Google Maps,2014-01-21,2014-01-21,Wall Street Journal,http://blogs.wsj.com/digits/2014/01/21/chinas-sina-baidu-and-other-big-websites-are-hit-with-disruptions/,China Websites Hit with Disruptions,A large portion of Internet traffic in China on Tuesday was redirected to servers run by a small U.S. company.
https://transparencyreport.google.com/traffic/overview?disruption_history=region:IQ;product:19;start:1381388421951;end:1381561226871&fraction_traffic=region:IQ;product:19;start:1381388421951;end:1381561226871,IQ,Iraq,Web Search,2013-10-10,2013-10-11,Renesys,http://b2b.renesys.com/eventsbulletin/2013/10/IQ-1381404630.html,97 networks out in Iraq,97 networks experienced an outage in Iraq starting at 11:30 UTC on October 10. This represents 17% of the routed networks in the country.
https://transparencyreport.google.com/traffic/overview?disruption_history=region:SD;product:19;start:1379415619805;end:1380949238558&fraction_traffic=region:SD;product:19;start:1379415619805;end:1380949238558,SD,Sudan,Web Search,2013-09-25,2013-09-26,The Guardian,http://www.theguardian.com/technology/2013/sep/25/sudan-internet-cut-khartoum-protests,Sudan internet cut off as protests erupt against government in Khartoum,The move to cut connections appears to have been done by the government to prevent protesters using social media to organise riots. 
https://transparencyreport.google.com/traffic/overview?disruption_history=region:MM;product:19;start:1375599620339;end:1375686059209&fraction_traffic=region:MM;product:19;start:1375599620339;end:1375686059209,MM,Myanmar (Burma),Web Search,2013-08-05,2013-08-05,Renesys,http://www.renesys.com/2013/08/myanmar-internet/,Myanmar Internet Disruptions,"On 5 August, all routed networks to Myanmar were withdrawn from the global routing table for a little over an hour resulting in a brief, but…"
https://transparencyreport.google.com/traffic/overview?disruption_history=region:TJ;product:21;start:1369119634247;end:1380610802422&fraction_traffic=region:TJ;product:21;start:1369119634247;end:1380610802422,TJ,Tajikistan,YouTube,2013-05-23,2013-08-20,RIA Novosti,http://www.en.rian.ru/world/20130525/181339520.html,Tajikistan Blocks YouTube After Dancing President Video,"The ban may be backlash over a video report of the wedding of President Emomali Rakhmon’s son Rustam, BBC Russian said."
https://transparencyreport.google.com/traffic/overview?disruption_history=region:SY;product:19;start:1368500425198;end:1368774040267&fraction_traffic=region:SY;product:19;start:1368500425198;end:1368774040267,SY,Syria,Web Search,2013-05-15,2013-05-15,Daily News Egypt,http://www.dailynewsegypt.com/2013/05/15/internet-telecoms-cut-across-syria-sana/,"Internet, telecoms cut across Syria: SANA","Internet and telecommunications in Syria were down across the country, the state news agency SANA reported on Wednesday, saying a fault with…"
https://transparencyreport.google.com/traffic/overview?disruption_history=region:SY;product:19;start:1367798403288;end:1368248457739&fraction_traffic=region:SY;product:19;start:1367798403288;end:1368248457739,SY,Syria,Web Search,2013-05-07,2013-05-08,Washington Post,http://www.washingtonpost.com/blogs/worldviews/wp/2013/05/07/web-monitor-syria-has-largely-disappeared-from-the-internet/,Web monitor: ‘Syria has largely disappeared from the Internet’,"The outage appears to have begun at 2:45 p.m. Eastern time, or 9:45 p.m. in Syria. According to a blog post by Umbrella’s chief technology o…"
https://transparencyreport.google.com/traffic/overview?disruption_history=region:TT;product:19;start:1364324443421;end:1364799659278&fraction_traffic=region:TT;product:19;start:1364324443421;end:1364799659278,TT,Trinidad & Tobago,Web Search,2013-03-29,2013-03-29,Global Voices,http://globalvoicesonline.org/2013/03/31/blackout-has-trinidad-tobago-bloggers-seeing-red/,Blackout has Trinidad & Tobago Bloggers Seeing Red,"Good Friday in Trinidad and Tobago was suddenly dubbed 'Black Friday' as the country descended into darkness, thanks to a nationwide ..."
https://transparencyreport.google.com/traffic/overview?disruption_history=region:SY;product:19;start:1357405222410;end:1357538430507&fraction_traffic=region:SY;product:19;start:1357405222410;end:1357538430507,SY,Syria,Web Search,2013-01-06,2013-01-06,USA Today,http://www.usatoday.com/story/news/world/2013/01/06/syria-assad-speech-violence/1811789/,Defiant Assad Pledges to Continue Fighting,"The Internet was cut in many parts of Damascus ahead of the address, apparently for security reasons, and some streets were closed."
https://transparencyreport.google.com/traffic/overview?disruption_history=region:SN;product:19;start:1355814047330;end:1356076802498&fraction_traffic=region:SN;product:19;start:1355814047330;end:1356076802498,SN,Senegal,Web Search,2012-12-19,2012-12-19,ARTP Senegal,http://www.artpsenegal.net/page_inter2.php?idmenu=5&id=10104&art=402,Perturbations observées sur les services internet et les communications vers l’international au courant de la nuit du 18 décembre...,"Le 18 décembre, à partir de 22h30 et 19 décembre 2012, l’ARTP a noté des perturbations sur les services Internet..."
https://transparencyreport.google.com/traffic/overview?disruption_history=region:SY;product:19;start:1353657624921;end:1354953629193&fraction_traffic=region:SY;product:19;start:1353657624921;end:1354953629193,SY,Syria,Web Search,2012-11-29,2012-12-01,AP,http://bigstory.ap.org/article/syria-rebels-kill-ruling-party-official-bomb,Internet Service Goes Out Across Syria,Activists said President Bashar Assad's regime pulled the plug on the Internet... The government blamed rebel fighters for the outages.
https://transparencyreport.google.com/traffic/overview?disruption_history=region:CN;product:19;start:1352264452024;end:1352689247464&fraction_traffic=region:CN;product:19;start:1352264452024;end:1352689247464,CN,China,Web Search,2012-11-09,2012-11-09,Guardian,http://www.guardian.co.uk/technology/2012/nov/09/google-services-blocked-china-gmail,Google services blocked in China,Google's search engine and its Gmail web email were among the services affected in China...
https://transparencyreport.google.com/traffic/overview?disruption_history=region:HK;product:19;start:1352059208939;end:1352275204340&fraction_traffic=region:HK;product:19;start:1352059208939;end:1352275204340,HK,Hong Kong,Web Search,2012-11-06,2012-11-06,Ars Technica,http://arstechnica.com/information-technology/2012/11/how-an-indonesian-isp-took-down-the-mighty-google-for-30-minutes/,How an Indonesian ISP took down the mighty Google for 30 minutes,"Google's services went offline for many users for nearly a half-hour on the evening of November 5, thanks to an erroneous routing message..."
https://transparencyreport.google.com/traffic/overview?disruption_history=region:ID;product:19;start:1352059208416;end:1352282410768&fraction_traffic=region:ID;product:19;start:1352059208416;end:1352282410768,ID,Indonesia,Web Search,2012-11-06,2012-11-06,Wired,http://www.wired.com/wiredenterprise/2012/11/google-indonesia/,How a Network Snafu in Indonesia Blocked Google in California,"Well, it looks like an error at an internet service provider in Indonesia prevented as much as 5 percent of the world’s internet users from…"
https://transparencyreport.google.com/traffic/overview?disruption_history=region:IR;product:6;start:1347606031490;end:1350025253779&fraction_traffic=region:IR;product:6;start:1347606031490;end:1350025253779,IR,Iran,Gmail,2012-09-24,2012-09-29,The Atlantic,http://www.theatlanticwire.com/global/2012/09/google-latest-victim-irans-war-internet/57171/,Google Is the Latest Victim of Iran's War on the Internet,Iran began the process of shutting down citizens' access to the Internet on Sunday by suspending access to Google and Gmail nationwide.
https://transparencyreport.google.com/traffic/overview?disruption_history=region:PK;product:21;start:1341118839837;end:1454503932022&fraction_traffic=region:PK;product:21;start:1341118839837;end:1454503932022,PK,Pakistan,YouTube,2012-09-17,2016-02-03,AFP,http://www.google.com/hostednews/afp/article/ALeqM5jpbjduArEJrz6uueNlrXtFkyepPg?docId=CNG.dec322f25a253822b1ca9cb1386f0791.141,Pakistan blocks YouTube over anti-Islam film,Pakistan blocked access to YouTube on Monday after the video sharing website failed to take down an anti-Islam film...
https://transparencyreport.google.com/traffic/overview?disruption_history=region:BD;product:21;start:1341118811978;end:1370486869838&fraction_traffic=region:BD;product:21;start:1341118811978;end:1370486869838,BD,Bangladesh,YouTube,2012-09-17,2013-06-06,The Independent,http://www.independent.co.uk/news/world/asia/youtube-blocked-in-bangladesh-over-prophet-mohamed-video-8152056.html,YouTube blocked in Bangladesh over Prophet Mohamed video,The government in Bangladesh has blocked YouTube to prevent people from seeing an anti-Islam video...
https://transparencyreport.google.com/traffic/overview?disruption_history=region:AF;product:21;start:1343797250777;end:1359698459247&fraction_traffic=region:AF;product:21;start:1343797250777;end:1359698459247,AF,Afghanistan,YouTube,2012-09-13,2013-01-04,Reuters,http://www.reuters.com/article/2012/09/13/us-protest-afghanistan-youtube-idUSBRE88C0JZ20120913,Afghanistan orders YouTube block over anti-Islam film,Authorities in Afghanistan have ordered that YouTube's website be blocked indefinitely to stop Afghans watching a U.S.-made film...
https://transparencyreport.google.com/traffic/overview?disruption_history=region:TJ;product:21;start:1338534036414;end:1354348849374&fraction_traffic=region:TJ;product:21;start:1338534036414;end:1354348849374,TJ,Tajikistan,YouTube,2012-07-27,2012-10-15,RIA Novosti,http://en.rian.ru/world/20120726/174791290.html,"Tajikistan Blocks YouTube over Protests, Users Say",The Tajik authorities blocked access on Thursday to the video-sharing service YouTube in what is believed to be a response to uploaded video…
https://transparencyreport.google.com/traffic/overview?disruption_history=region:SY;product:19;start:1342587658694;end:1342803625511&fraction_traffic=region:SY;product:19;start:1342587658694;end:1342803625511,SY,Syria,Web Search,2012-07-19,2012-07-19,ZDNet,http://www.zdnet.com/syria-disconnects-itself-from-the-internet-for-40-minutes-7000001315/,Syria disconnects itself from the Internet for 40 minutes,"On Thursday, Syria severed all Internet connections to the outside world for a total of 40 minutes."
https://transparencyreport.google.com/traffic/overview?disruption_history=region:AU;product:19;start:1338944458874;end:1339030808618&fraction_traffic=region:AU;product:19;start:1338944458874;end:1339030808618,AU,Australia,Web Search,2012-06-06,2012-06-06,itnews,"http://www.itnews.com.au/News/303933,google-australian-services-suffer-20-minute-hit.aspx",Google Australian services hit by data centre outage,Google's Australian and New Zealand services were hobbled briefly last night due to a power outage at one of the Sydney data centres...
https://transparencyreport.google.com/traffic/overview?disruption_history=region:KE;product:19;start:1335330024890;end:1335585637634&fraction_traffic=region:KE;product:19;start:1335330024890;end:1335585637634,KE,Kenya,Web Search,2012-04-26,2012-04-26,Renesys,http://www.renesys.com/blog/2012/04/teams-cable-down-again.shtml,TEAMS Cable Down Again,"Only 35 days after a repair ship fixed the TEAMS (The East African Marine System) submarine cable, this cable was cut again this morning..."
https://transparencyreport.google.com/traffic/overview?disruption_history=region:CN;product:19;start:1334091630493;end:1334307627349&fraction_traffic=region:CN;product:19;start:1334091630493;end:1334307627349,CN,China,Web Search,2012-04-12,2012-04-12,Guardian,http://www.guardian.co.uk/world/2012/apr/12/china-internet-users-foreign-websites,China's internet users temporarily blocked from foreign websites,China's internet users have been cut off from accessing all foreign websites for around an hour in an unexplained incident that sparked spec…
https://transparencyreport.google.com/traffic/overview?disruption_history=region:KE;product:19;start:1330023656312;end:1330376414647&fraction_traffic=region:KE;product:19;start:1330023656312;end:1330376414647,KE,Kenya,Web Search,2012-02-25,2012-02-25,AFP,http://www.google.com/hostednews/afp/article/ALeqM5gEucfhRPx_0aoSo2gdWN12GHR3Rw?docId=CNG.d1ac9c692e031f1b0564cbabc8cf4ef8.751,Repairs on Kenya web cable to take three weeks,An undersea fibre optic Internet cable that was sliced by a ship's anchor in the Kenyan port of Mombasa will be fully repaired...
https://transparencyreport.google.com/traffic/overview?disruption_history=region:IR;product:6;start:1329537637226;end:1329958842786&fraction_traffic=region:IR;product:6;start:1329537637226;end:1329958842786,IR,Iran,Gmail,2012-02-19,2012-02-20,Computer Business Review,http://security.cbronline.com/news/internet-again-blocks-internet-access-210212,Iran blocks internet access again,The Iranian government has yet again blocked all encrypted international websites outside of Iran that depend on the Secure Sockets Layer (S…
https://transparencyreport.google.com/traffic/overview?disruption_history=region:IR;product:6;start:1328342406360;end:1329465602823&fraction_traffic=region:IR;product:6;start:1328342406360;end:1329465602823,IR,Iran,Gmail,2012-02-09,2012-02-11,Kabir News,http://kabirnews.com/iran-shut-down-gmail-google-yahoo-and-sites-using-https-protocol/202/,"Iran shuts down Gmail, Google, Yahoo, and Sites using ""HTTPS"" Protocol","Based on reports received from Iran, the government has blocked access to the major sites plus websites using certain “Https” protocols."
https://transparencyreport.google.com/traffic/overview?disruption_history=region:PS;product:19;start:1320087650157;end:1320177644044&fraction_traffic=region:PS;product:19;start:1320087650157;end:1320177644044,PS,Palestine,Web Search,2011-11-01,2011-11-01,BBC,http://www.bbc.co.uk/news/world-middle-east-15542820,'Hackers' cut Palestinian phone and internet systems,"The main phone network in the West Bank and Gaza has suffered a sustained attack by computer hackers, the Palestinian Authority (PA) says."
https://transparencyreport.google.com/traffic/overview?disruption_history=region:EG;product:19;start:1315458025166;end:1315810835883&fraction_traffic=region:EG;product:19;start:1315458025166;end:1315810835883,EG,Egypt,Web Search,2011-09-09,2011-09-09,,,,All Google services partially accessible.
https://transparencyreport.google.com/traffic/overview?disruption_history=region:UZ;product:19;start:1313038824818;end:1313082057035&fraction_traffic=region:UZ;product:19;start:1313038824818;end:1313082057035,UZ,Uzbekistan,Web Search,2011-08-11,2011-08-11,RadioFreeEurope/RadioLiberty,http://www.rferl.org/content/dozens_of_websites_in_uzbekistan_experience_access_problems/24295316.html,Dozens Of Websites In Uzbekistan Suffer Access Problems,Dozens of popular websites in Uzbekistan have suffered from intermittent bouts of inaccessibility over the past week... 
https://transparencyreport.google.com/traffic/overview?disruption_history=region:SY;product:19;start:1306904422841;end:1307336403156&fraction_traffic=region:SY;product:19;start:1306904422841;end:1307336403156,SY,Syria,Web Search,2011-06-03,2011-06-04,NBCnews.com,http://www.nbcnews.com/technology/technolog/syrian-government-unplugs-internet-much-country-123075,Syrian government unplugs Internet for much of country,Syria's government appears to have shut down much of the Internet as protests and violence escalate there against President Bashar Assad...
https://transparencyreport.google.com/traffic/overview?disruption_history=region:GE;product:19;start:1301209240544;end:1301468425848&fraction_traffic=region:GE;product:19;start:1301209240544;end:1301468425848,GE,Georgia,Web Search,2011-03-28,2011-03-28,Guardian,http://www.guardian.co.uk/world/2011/apr/06/georgian-woman-cuts-web-access,Georgian woman cuts off web access to whole of Armenia,An elderly Georgian woman was scavenging for copper to sell as scrap when she accidentally sliced through an underground cable...
https://transparencyreport.google.com/traffic/overview?disruption_history=region:AM;product:19;start:1301209231686;end:1301468437661&fraction_traffic=region:AM;product:19;start:1301209231686;end:1301468437661,AM,Armenia,Web Search,2011-03-28,2011-03-28,Guardian,http://www.guardian.co.uk/world/2011/apr/06/georgian-woman-cuts-web-access,Georgian woman cuts off web access to whole of Armenia,An elderly Georgian woman was scavenging for copper to sell as scrap when she accidentally sliced through an underground cable...
https://transparencyreport.google.com/traffic/overview?disruption_history=region:LY;product:19;start:1295596824860;end:1317279620268&fraction_traffic=region:LY;product:19;start:1295596824860;end:1317279620268,LY,Libya,Web Search,2011-03-03,2011-08-21,Rensys,http://www.renesys.com/blog/2011/02/libyan-disconnect-1.shtml,Libyan Disconnect,"Renesys confirms that the 13 globally routed Libyan network prefixes were withdrawn at 23:18 GMT (Friday night, 1:18am Saturday local time…"
https://transparencyreport.google.com/traffic/overview?disruption_history=region:TR;product:2;start:1298275244323;end:1301900422329&fraction_traffic=region:TR;product:2;start:1298275244323;end:1301900422329,TR,Türkiye,Blogger,2011-03-01,2011-04-22,World Bulletin,http://www.worldbulletin.net/?aType=haber&ArticleID=70494,Turkish court blocks Google's blogging site,"Google's famous blog hosting service, blogspot.com/blogger.com, has been banned following complaints by digital satellite platform Digiturk…"
https://transparencyreport.google.com/traffic/overview?disruption_history=region:LY;product:19;start:1297929631688;end:1298275237808&fraction_traffic=region:LY;product:19;start:1297929631688;end:1298275237808,LY,Libya,Web Search,2011-02-18,2011-07-10,Los Angeles Times,http://latimesblogs.latimes.com/technology/2011/02/libya-has-shut-down-the-internet-in-light-of-protests-reports-say.html,Libya's Internet reportedly down as violence against anti-government protesters continues,"The Internet has been shut down in Libya, according to multiple reports."
https://transparencyreport.google.com/traffic/overview?disruption_history=region:LY;product:21;start:1293868852847;end:1317366035345&fraction_traffic=region:LY;product:21;start:1293868852847;end:1317366035345,LY,Libya,YouTube,2011-02-17,2011-07-10,BBC,http://www.bbc.co.uk/news/world-middle-east-12512202,Libya media crackdown amid anti-government protests,"Col Muammar Gaddafi's government in Libya has taken a series of measures, including blocking internet sites and shutting off electricity..."
https://transparencyreport.google.com/traffic/overview?disruption_history=region:IR;product:18;start:1275375651032;end:1356940800262&fraction_traffic=region:IR;product:18;start:1275375651032;end:1356940800262,IR,Iran,Google Videos,2011-01-30,2012-08-20,Reuters,http://www.reuters.com/article/2011/01/31/iran-internet-censor-idUSLDE70U0Q920110131,More news websites blocked in Iran,Iranians have found their access to major news websites even more restricted than usual as more foreign sites were blocked by a government f…
https://transparencyreport.google.com/traffic/overview?disruption_history=region:EG;product:19;start:1295856013583;end:1296892826447&fraction_traffic=region:EG;product:19;start:1295856013583;end:1296892826447,EG,Egypt,Web Search,2011-01-27,2011-02-02,New York Times,http://www.nytimes.com/2011/01/29/technology/internet/29cutoff.html,Egypt Cuts Off Most Internet and Cell Service,"[The] Internet has never faced anything like what happened in Egypt on Friday, when the government of a country with 80 million people and a…"
https://transparencyreport.google.com/traffic/overview?disruption_history=region:SD;product:21;start:1295683208269;end:1296806427222&fraction_traffic=region:SD;product:21;start:1295683208269;end:1296806427222,SD,Sudan,YouTube,2011-01-27,2011-01-28,,,,YouTube was partially accessible for 3 days
https://transparencyreport.google.com/traffic/overview?disruption_history=region:TR;product:21;start:1210575618068;end:1308207624122&fraction_traffic=region:TR;product:21;start:1210575618068;end:1308207624122,TR,Türkiye,YouTube,2010-05-31,2010-10-30,Open Net Initiative ,https://opennet.net/blog/2010/06/turkey-blocks-youtube-inadvertently-blocks-google-services,"Turkey Blocks YouTube, Inadvertently Blocks Google Services",Turkish internet users have been tweeting that that they have been unable to access some Google Services over the past few days...
https://transparencyreport.google.com/traffic/overview?disruption_history=region:TR;product:16;start:1273899620399;end:1277442028600&fraction_traffic=region:TR;product:16;start:1273899620399;end:1277442028600,TR,Türkiye,Google Translate,2010-05-31,2010-06-08,The Register,http://www.theregister.co.uk/2010/06/08/turkey_bans_google_services/,"Turkey bans Google Books, Google Docs, Google Translate...","Turkey has banned multiple Google services, according to reports, including Google Translate, Google Docs, and Google Books. "
https://transparencyreport.google.com/traffic/overview?disruption_history=region:TR;product:3;start:1273899606417;end:1277528414682&fraction_traffic=region:TR;product:3;start:1273899606417;end:1277528414682,TR,Türkiye,Google Books,2010-05-31,2010-06-08,The Register,http://www.theregister.co.uk/2010/06/08/turkey_bans_google_services/,"Turkey bans Google Books, Google Docs, Google Translate...","Turkey has banned multiple Google services, according to reports, including Google Translate, Google Docs, and Google Books. "
https://transparencyreport.google.com/traffic/overview?disruption_history=region:TR;product:4;start:1273899653307;end:1277442058579&fraction_traffic=region:TR;product:4;start:1273899653307;end:1277442058579,TR,Türkiye,Google Docs,2010-05-31,2010-06-09,The Register,http://www.theregister.co.uk/2010/06/08/turkey_bans_google_services/,"Turkey bans Google Books, Google Docs, Google Translate...","Turkey has banned multiple Google services, according to reports, including Google Translate, Google Docs, and Google Books. "
https://transparencyreport.google.com/traffic/overview?disruption_history=region:PK;product:21;start:1272438034774;end:1276498850911&fraction_traffic=region:PK;product:21;start:1272438034774;end:1276498850911,PK,Pakistan,YouTube,2010-05-20,2010-05-26,Washington Post,http://voices.washingtonpost.com/comic-riffs/2010/05/draw_muhammad_day_pakistan_exp.html,'Draw Muhammad Day': Pakistan bans YouTube; Facebook still blocked,"A day after ordering that Facebook be blocked, the government also banned the video-sharing site, citing its ""growing sacrilegious content…"
https://transparencyreport.google.com/traffic/overview?disruption_history=region:MM;product:19;start:1231142423906;end:1363071636235&fraction_traffic=region:MM;product:19;start:1231142423906;end:1363071636235,MM,Myanmar (Burma),Web Search,2010-03-09,2012-05-01,AP,http://www.france24.com/en/20101104-internet-crippled-ahead-election-burma-myanmar-cyber-attack,Internet crippled ahead of Burmese election,"A massive cyber attack has crippled Internet services in Myanmar ahead of Sunday's election, IT experts and web service providers say..."
https://transparencyreport.google.com/traffic/overview?disruption_history=region:LY;product:21;start:1252998040528;end:1283324448393&fraction_traffic=region:LY;product:21;start:1252998040528;end:1283324448393,LY,Libya,YouTube,2010-01-23,2011-08-21,Global Voices,http://advocacy.globalvoicesonline.org/2010/02/09/libya-blocks-access-to-youtube-and-independent-websites/,Libya blocks access to Youtube and independent websites,"On January 24th, 2010, Libya Telecom and Technology (LTT) has blocked access to the popular video sharing website YouTube..."
https://transparencyreport.google.com/traffic/overview?disruption_history=region:KZ;product:2;start:1256454059004;end:1363330821300&fraction_traffic=region:KZ;product:2;start:1256454059004;end:1363330821300,KZ,Kazakhstan,Blogger,2010-01-12,2012-06-27,Radio Free Europe/Radio Liberty,http://www.rferl.org/content/NGO_Says_14_Websites_Being_Blocked_In_Kazakhstan/1941642.html,NGO Says 14 Websites Being Blocked In Kazakhstan,The Kazakh nongovernmental organization For The Free Internet announced today that at least 14 websites have been blocked...
https://transparencyreport.google.com/traffic/overview?disruption_history=region:CN;product:14;start:1230364800790&fraction_traffic=region:CN;product:14;start:1230364800790,CN,China,Google Sites,2009-10-11,,,,,Google Sites inaccessible.
https://transparencyreport.google.com/traffic/overview?disruption_history=region:MA;product:5;start:1249144743600;end:1370333682000&fraction_traffic=region:MA;product:5;start:1249144743600;end:1370333682000,MA,Morocco,Google Earth,2009-08-01,2013-06-04,Sahara Press Service,http://www.spsrasd.info/en/content/censorship-internet-morocco,Censorship of the internet in the Morocco,"Total censorship of Google Earth to the Morocco is a case unique in the world, while some countries have asked Google to not display..."
https://transparencyreport.google.com/traffic/overview?disruption_history=region:CN;product:12;start:1215932428444&fraction_traffic=region:CN;product:12;start:1215932428444,CN,China,Picasa Web Albums,2009-07-16,,Shanghai Tech Writer,http://www.shanghaitechwriter.com/2009/07/25/google-picasa-web-album-blocked-in-china/,Google Picasa Web Album Blocked in China,"Starting last week, Google’s Picasa Web Album has been blocked in China, adding to an already long list of websites blocked..."
https://transparencyreport.google.com/traffic/overview?disruption_history=region:TR;product:14;start:1245826826497;end:1405088644298&fraction_traffic=region:TR;product:14;start:1245826826497;end:1405088644298,TR,Türkiye,Google Sites,2009-06-24,2014-07-11,,,,ACCESS to the Website named http://sites.google.com/ be BANNED pursuant to Article 8 of the Law no 5651
https://transparencyreport.google.com/traffic/overview?disruption_history=region:IR;product:21;start:1231574456018&fraction_traffic=region:IR;product:21;start:1231574456018,IR,Iran,YouTube,2009-06-13,,AFP,http://www.google.com/hostednews/afp/article/ALeqM5jSPlmVgh-SfeEO9WhpOVG6Slnu0w,"Mobile phones, Facebook, YouTube cut in Iran",The main mobile telephone network in Iran was cut...popular Internet websites Facebook and YouTube also appeared to be blocked...
https://transparencyreport.google.com/traffic/overview?disruption_history=region:CN;product:2;start:1232438412959;end:1254380430678&fraction_traffic=region:CN;product:2;start:1232438412959;end:1254380430678,CN,China,Blogger,2009-06-02,2009-07-28,Danwei,http://www.danwei.org/net_nanny_follies/bloggercom_blocked_but_not_the.php,"Blogger.com blocked, but not the Washington Post","Google's blogging platform Blogspot, aka Blogger.com, is blocked again."
https://transparencyreport.google.com/traffic/overview?disruption_history=region:CN;product:21;start:1208674821525&fraction_traffic=region:CN;product:21;start:1208674821525,CN,China,YouTube,2009-03-23,,New York Times,http://www.nytimes.com/2009/03/25/technology/internet/25youtube.html,"YouTube Blocked in China, Google Says",Google said Tuesday that its YouTube video-sharing Web site had been blocked in China.
https://transparencyreport.google.com/traffic/overview?disruption_history=region:BD;product:21;start:1235980836156;end:1237100411384&fraction_traffic=region:BD;product:21;start:1235980836156;end:1237100411384,BD,Bangladesh,YouTube,2009-03-06,2009-03-11,BBC,http://news.bbc.co.uk/2/hi/7932659.stm,Bangladesh imposes YouTube block,The video-sharing web site YouTube has been blocked by Bangladesh after a recording of a meeting between the PM and army officers was posted…
https://transparencyreport.google.com/traffic/overview?disruption_history=region:MM;product:21;start:1311404410792;end:1317366005240&fraction_traffic=region:MM;product:21;start:1311404410792;end:1317366005240,MM,Myanmar (Burma),YouTube,,2011-08-23,Reuters,http://www.reuters.com/article/2011/09/15/us-myanmar-media-idUSTRE78E2QJ20110915,Myanmar lifts bans on foreign news websites,"Myanmar lifted bans on prominent news websites on Thursday, including some run by critics of the army-dominated government..."
https://transparencyreport.google.com/traffic/overview?disruption_history=region:SY;product:21;start:1293868811075;end:1298966424424&fraction_traffic=region:SY;product:21;start:1293868811075;end:1298966424424,SY,Syria,YouTube,,2011-02-08,Associated Press,http://www.alarabiya.net/articles/2011/02/08/136844.html,Syria appears to lift ban on Facebook & YouTube,Internet users in Syria say Facebook and YouTube are available for the first time in three years amid signs Damascus may be lifting its ban…
